Ticker,CIK,Accession Number,Raw Links,Links
MMM,0000066740,0000066740-24-000016,mmm-20231231.htm,https://www.sec.gov/Archives/edgar/data/0000066740/000006674024000016/mmm-20231231.htm
ABT,0000001800,0001628280-24-005348,abt-20231231.htm,https://www.sec.gov/Archives/edgar/data/0000001800/000162828024005348/abt-20231231.htm
ANF,0001018840,0001018840-24-000019,anf-20240203.htm,https://www.sec.gov/Archives/edgar/data/0001018840/000101884024000019/anf-20240203.htm
ACN,0001467373,0001467373-23-000324,acn-20230831.htm,https://www.sec.gov/Archives/edgar/data/0001467373/000146737323000324/acn-20230831.htm
ADBE,0000796343,0000796343-24-000006,adbe-20231201.htm,https://www.sec.gov/Archives/edgar/data/0000796343/000079634324000006/adbe-20231201.htm
AMD,0000002488,0000002488-24-000012,amd-20231230.htm,https://www.sec.gov/Archives/edgar/data/0000002488/000000248824000012/amd-20231230.htm
AES,0000874761,0000874761-24-000011,aes-20231231.htm,https://www.sec.gov/Archives/edgar/data/0000874761/000087476124000011/aes-20231231.htm
AFL,0000004977,0000004977-24-000053,afl-20231231.htm,https://www.sec.gov/Archives/edgar/data/0000004977/000000497724000053/afl-20231231.htm
A,0001090872,0001090872-23-000020,a-20231031.htm,https://www.sec.gov/Archives/edgar/data/0001090872/000109087223000020/a-20231031.htm
APD,0000002969,0000002969-23-000047,apd-20230930.htm,https://www.sec.gov/Archives/edgar/data/0000002969/000000296923000047/apd-20230930.htm
AKAM,0001086222,0001086222-24-000040,akam-20231231.htm,https://www.sec.gov/Archives/edgar/data/0001086222/000108622224000040/akam-20231231.htm
AA,0001675149,0000950170-24-018069,aa-20231231.htm,https://www.sec.gov/Archives/edgar/data/0001675149/000095017024018069/aa-20231231.htm
ATI,0001018963,0001628280-24-006606,ati-20231231.htm,https://www.sec.gov/Archives/edgar/data/0001018963/000162828024006606/ati-20231231.htm
ALL,0000899051,0000899051-24-000013,all-20231231.htm,https://www.sec.gov/Archives/edgar/data/0000899051/000089905124000013/all-20231231.htm
ALTR,0001701732,0000950170-24-018804,altr-20231231.htm,https://www.sec.gov/Archives/edgar/data/0001701732/000095017024018804/altr-20231231.htm
MO,0000764180,0000764180-24-000018,mo-20231231.htm,https://www.sec.gov/Archives/edgar/data/0000764180/000076418024000018/mo-20231231.htm
AMZN,0001018724,0001018724-24-000008,amzn-20231231.htm,https://www.sec.gov/Archives/edgar/data/0001018724/000101872424000008/amzn-20231231.htm
AEE,0001002910,0001002910-24-000056,aee-20231231.htm,https://www.sec.gov/Archives/edgar/data/0001002910/000100291024000056/aee-20231231.htm
AEP,0000004904,0000004904-24-000020,aep-20231231.htm,https://www.sec.gov/Archives/edgar/data/0000004904/000000490424000020/aep-20231231.htm
AXP,0000004962,0000004962-24-000013,axp-20231231.htm,https://www.sec.gov/Archives/edgar/data/0000004962/000000496224000013/axp-20231231.htm
AIG,0000005272,0000005272-24-000023,aig-20231231.htm,https://www.sec.gov/Archives/edgar/data/0000005272/000000527224000023/aig-20231231.htm
AMT,0001053507,0001053507-24-000011,amt-20231231.htm,https://www.sec.gov/Archives/edgar/data/0001053507/000105350724000011/amt-20231231.htm
AMP,0000820027,0000820027-24-000015,amp-20231231.htm,https://www.sec.gov/Archives/edgar/data/0000820027/000082002724000015/amp-20231231.htm
AMGN,0000318154,0000318154-24-000011,amgn-20231231.htm,https://www.sec.gov/Archives/edgar/data/0000318154/000031815424000011/amgn-20231231.htm
APH,0000820313,0001558370-24-000866,aph-20231231x10k.htm,https://www.sec.gov/Archives/edgar/data/0000820313/000155837024000866/aph-20231231x10k.htm
ADI,0000006281,0000006281-23-000203,adi-20231028.htm,https://www.sec.gov/Archives/edgar/data/0000006281/000000628123000203/adi-20231028.htm
AON,0000315293,0001628280-24-005392,aon-20231231.htm,https://www.sec.gov/Archives/edgar/data/0000315293/000162828024005392/aon-20231231.htm
APA,0001841666,0001784031-24-000003,apa-20231231.htm,https://www.sec.gov/Archives/edgar/data/0001841666/000178403124000003/apa-20231231.htm
AIV,0000922864,0000950170-24-020232,aiv-20231231.htm,https://www.sec.gov/Archives/edgar/data/0000922864/000095017024020232/aiv-20231231.htm
AAPL,0000320193,0000320193-23-000106,aapl-20230930.htm,https://www.sec.gov/Archives/edgar/data/0000320193/000032019323000106/aapl-20230930.htm
AMAT,0000006951,0000006951-23-000041,amat-20231029.htm,https://www.sec.gov/Archives/edgar/data/0000006951/000000695123000041/amat-20231029.htm
ADM,0000007084,0000007084-24-000009,adm-20231231.htm,https://www.sec.gov/Archives/edgar/data/0000007084/000000708424000009/adm-20231231.htm
AIZ,0001267238,0001267238-24-000008,aiz-20231231.htm,https://www.sec.gov/Archives/edgar/data/0001267238/000126723824000008/aiz-20231231.htm
T,0000732717,0000732717-24-000009,t-20231231.htm,https://www.sec.gov/Archives/edgar/data/0000732717/000073271724000009/t-20231231.htm
ADSK,0000769397,0000769397-23-000036,adsk-20230131.htm,https://www.sec.gov/Archives/edgar/data/0000769397/000076939723000036/adsk-20230131.htm
ADP,0000008670,0000008670-23-000030,adp-20230630.htm,https://www.sec.gov/Archives/edgar/data/0000008670/000000867023000030/adp-20230630.htm
AN,0000350698,0000350698-24-000021,an-20231231.htm,https://www.sec.gov/Archives/edgar/data/0000350698/000035069824000021/an-20231231.htm
AZO,0000866787,0001558370-23-016668,azo-20230826x10k.htm,https://www.sec.gov/Archives/edgar/data/0000866787/000155837023016668/azo-20230826x10k.htm
AVB,0000915912,0000915912-24-000004,avb-20231231.htm,https://www.sec.gov/Archives/edgar/data/0000915912/000091591224000004/avb-20231231.htm
AVY,0000008818,0000008818-24-000003,avy-20231230.htm,https://www.sec.gov/Archives/edgar/data/0000008818/000000881824000003/avy-20231230.htm
BAC,0000070858,0000070858-24-000122,bac-20231231.htm,https://www.sec.gov/Archives/edgar/data/0000070858/000007085824000122/bac-20231231.htm
BK,0001390777,0001390777-24-000051,bk-20231231.htm,https://www.sec.gov/Archives/edgar/data/0001390777/000139077724000051/bk-20231231.htm
BAX,0000010456,0001628280-24-003932,bax-20231231.htm,https://www.sec.gov/Archives/edgar/data/0000010456/000162828024003932/bax-20231231.htm
BEAM,0001745999,0000950170-24-020622,beam-20231231.htm,https://www.sec.gov/Archives/edgar/data/0001745999/000095017024020622/beam-20231231.htm
BDX,0000010795,0000010795-23-000098,bdx-20230930.htm,https://www.sec.gov/Archives/edgar/data/0000010795/000001079523000098/bdx-20230930.htm
BBY,0000764478,0000764478-24-000010,bby-20240203x10k.htm,https://www.sec.gov/Archives/edgar/data/0000764478/000076447824000010/bby-20240203x10k.htm
BIG,0000768835,0000768835-23-000033,big-20230128.htm,https://www.sec.gov/Archives/edgar/data/0000768835/000076883523000033/big-20230128.htm
BIIB,0000875045,0000875045-24-000009,biib-20231231.htm,https://www.sec.gov/Archives/edgar/data/0000875045/000087504524000009/biib-20231231.htm
BLK,0001364742,0000950170-24-019271,blk-20231231.htm,https://www.sec.gov/Archives/edgar/data/0001364742/000095017024019271/blk-20231231.htm
HRB,0000012659,0001838862-23-000027,hrb-20230630.htm,https://www.sec.gov/Archives/edgar/data/0000012659/000183886223000027/hrb-20230630.htm
BA,0000012927,0000012927-24-000010,ba-20231231.htm,https://www.sec.gov/Archives/edgar/data/0000012927/000001292724000010/ba-20231231.htm
BWA,0000908255,0000908255-24-000007,bwa-20231231.htm,https://www.sec.gov/Archives/edgar/data/0000908255/000090825524000007/bwa-20231231.htm
BXP,0001037540,0001656423-24-000007,bxp-20231231.htm,https://www.sec.gov/Archives/edgar/data/0001037540/000165642324000007/bxp-20231231.htm
BSX,0000885725,0000885725-24-000017,bsx-20231231.htm,https://www.sec.gov/Archives/edgar/data/0000885725/000088572524000017/bsx-20231231.htm
BMY,0000014272,0000014272-24-000044,bmy-20231231.htm,https://www.sec.gov/Archives/edgar/data/0000014272/000001427224000044/bmy-20231231.htm
CHRW,0001043277,0001043277-24-000011,chrw-20231231.htm,https://www.sec.gov/Archives/edgar/data/0001043277/000104327724000011/chrw-20231231.htm
CPB,0000016732,0000016732-23-000109,cpb-20230730.htm,https://www.sec.gov/Archives/edgar/data/0000016732/000001673223000109/cpb-20230730.htm
COF,0000927628,0000927628-24-000094,cof-20231231.htm,https://www.sec.gov/Archives/edgar/data/0000927628/000092762824000094/cof-20231231.htm
CAH,0000721371,0000721371-23-000060,cah-20230630.htm,https://www.sec.gov/Archives/edgar/data/0000721371/000072137123000060/cah-20230630.htm
KMX,0001170010,0001170010-24-000034,kmx-20240229.htm,https://www.sec.gov/Archives/edgar/data/0001170010/000117001024000034/kmx-20240229.htm
CCL,0000815097,0000815097-24-000011,ccl-20231130.htm,https://www.sec.gov/Archives/edgar/data/0000815097/000081509724000011/ccl-20231130.htm
CAT,0000018230,0000018230-24-000009,cat-20231231.htm,https://www.sec.gov/Archives/edgar/data/0000018230/000001823024000009/cat-20231231.htm
CNP,0001130310,0001130310-24-000010,cnp-20231231.htm,https://www.sec.gov/Archives/edgar/data/0001130310/000113031024000010/cnp-20231231.htm
CF,0001324404,0001324404-24-000008,cf-20231231.htm,https://www.sec.gov/Archives/edgar/data/0001324404/000132440424000008/cf-20231231.htm
SCHW,0000316709,0000316709-24-000018,schw-20231231.htm,https://www.sec.gov/Archives/edgar/data/0000316709/000031670924000018/schw-20231231.htm
CHK,0000895126,0000895126-24-000013,chk-20231231.htm,https://www.sec.gov/Archives/edgar/data/0000895126/000089512624000013/chk-20231231.htm
CVX,0000093410,0000093410-24-000013,cvx-20231231.htm,https://www.sec.gov/Archives/edgar/data/0000093410/000009341024000013/cvx-20231231.htm
CMG,0001058090,0001562762-24-000023,cmg-20231231x10k.htm,https://www.sec.gov/Archives/edgar/data/0001058090/000156276224000023/cmg-20231231x10k.htm
CB,0000896159,0000896159-24-000003,cb-20231231.htm,https://www.sec.gov/Archives/edgar/data/0000896159/000089615924000003/cb-20231231.htm
CI,0001739940,0001739940-24-000005,ci-20231231.htm,https://www.sec.gov/Archives/edgar/data/0001739940/000173994024000005/ci-20231231.htm
CINF,0000020286,0000020286-24-000014,cinf-20231231.htm,https://www.sec.gov/Archives/edgar/data/0000020286/000002028624000014/cinf-20231231.htm
CTAS,0000723254,0000723254-23-000025,ctas-20230531.htm,https://www.sec.gov/Archives/edgar/data/0000723254/000072325423000025/ctas-20230531.htm
CSCO,0000858877,0000858877-23-000023,csco-20230729.htm,https://www.sec.gov/Archives/edgar/data/0000858877/000085887723000023/csco-20230729.htm
C,0000831001,0000831001-24-000033,c-20231231.htm,https://www.sec.gov/Archives/edgar/data/0000831001/000083100124000033/c-20231231.htm
CLF,0000764065,0000764065-24-000038,clf-20231231.htm,https://www.sec.gov/Archives/edgar/data/0000764065/000076406524000038/clf-20231231.htm
CLX,0000021076,0000021076-23-000037,clx-20230630.htm,https://www.sec.gov/Archives/edgar/data/0000021076/000002107623000037/clx-20230630.htm
CME,0001156375,0001156375-24-000010,cme-20231231.htm,https://www.sec.gov/Archives/edgar/data/0001156375/000115637524000010/cme-20231231.htm
CMS,0000811156,0000811156-24-000044,cms-20231231.htm,https://www.sec.gov/Archives/edgar/data/0000811156/000081115624000044/cms-20231231.htm
KO,0000021344,0000021344-24-000009,ko-20231231.htm,https://www.sec.gov/Archives/edgar/data/0000021344/000002134424000009/ko-20231231.htm
CTSH,0001058290,0001058290-24-000017,ctsh-20231231.htm,https://www.sec.gov/Archives/edgar/data/0001058290/000105829024000017/ctsh-20231231.htm
CL,0000021665,0000021665-24-000003,cl-20231231.htm,https://www.sec.gov/Archives/edgar/data/0000021665/000002166524000003/cl-20231231.htm
CMCSA,0001166691,0001166691-24-000011,cmcsa-20231231.htm,https://www.sec.gov/Archives/edgar/data/0001166691/000116669124000011/cmcsa-20231231.htm
CMA,0000028412,0000028412-24-000185,cma-20231231.htm,https://www.sec.gov/Archives/edgar/data/0000028412/000002841224000185/cma-20231231.htm
CAG,0000023217,0001437749-23-019879,cag20230206_10k.htm,https://www.sec.gov/Archives/edgar/data/0000023217/000143774923019879/cag20230206_10k.htm
COP,0001163165,0001163165-24-000010,cop-20231231.htm,https://www.sec.gov/Archives/edgar/data/0001163165/000116316524000010/cop-20231231.htm
CNX,0001070412,0001070412-24-000015,cnx-20231231.htm,https://www.sec.gov/Archives/edgar/data/0001070412/000107041224000015/cnx-20231231.htm
ED,0001047862,0001047862-24-000012,ed-20231231.htm,https://www.sec.gov/Archives/edgar/data/0001047862/000104786224000012/ed-20231231.htm
STZ,0000016918,0000016918-23-000045,stz-20230228.htm,https://www.sec.gov/Archives/edgar/data/0000016918/000001691823000045/stz-20230228.htm
GLW,0000024741,0001437749-24-003735,glw20231231_10k.htm,https://www.sec.gov/Archives/edgar/data/0000024741/000143774924003735/glw20231231_10k.htm
COST,0000909832,0000909832-23-000042,cost-20230903.htm,https://www.sec.gov/Archives/edgar/data/0000909832/000090983223000042/cost-20230903.htm
CCI,0001051470,0001051470-24-000062,cci-20231231.htm,https://www.sec.gov/Archives/edgar/data/0001051470/000105147024000062/cci-20231231.htm
CSX,0000277948,0000277948-24-000010,csx-20231231.htm,https://www.sec.gov/Archives/edgar/data/0000277948/000027794824000010/csx-20231231.htm
CMI,0000026172,0000026172-24-000012,cmi-20231231.htm,https://www.sec.gov/Archives/edgar/data/0000026172/000002617224000012/cmi-20231231.htm
CVS,0000064803,0000064803-24-000007,cvs-20231231.htm,https://www.sec.gov/Archives/edgar/data/0000064803/000006480324000007/cvs-20231231.htm
DHI,0000882184,0000882184-23-000115,dhi-20230930.htm,https://www.sec.gov/Archives/edgar/data/0000882184/000088218423000115/dhi-20230930.htm
DHR,0000313616,0000313616-24-000052,dhr-20231231.htm,https://www.sec.gov/Archives/edgar/data/0000313616/000031361624000052/dhr-20231231.htm
DRI,0000940944,0000940944-23-000037,dri-20230528.htm,https://www.sec.gov/Archives/edgar/data/0000940944/000094094423000037/dri-20230528.htm
DVA,0000927066,0000927066-24-000013,dva-20231231.htm,https://www.sec.gov/Archives/edgar/data/0000927066/000092706624000013/dva-20231231.htm
DE,0000315189,0001558370-23-019812,de-20231029x10k.htm,https://www.sec.gov/Archives/edgar/data/0000315189/000155837023019812/de-20231029x10k.htm
DELL,0001571996,0001571996-24-000036,dell-20240202.htm,https://www.sec.gov/Archives/edgar/data/0001571996/000157199624000036/dell-20240202.htm
XRAY,0000818479,0000818479-24-000021,xray-20231231.htm,https://www.sec.gov/Archives/edgar/data/0000818479/000081847924000021/xray-20231231.htm
DVN,0001090012,0000950170-24-021781,dvn-20231231.htm,https://www.sec.gov/Archives/edgar/data/0001090012/000095017024021781/dvn-20231231.htm
DV,0001819928,0001558370-24-002008,dv-20231231x10k.htm,https://www.sec.gov/Archives/edgar/data/0001819928/000155837024002008/dv-20231231x10k.htm
DO,0000949039,0000950170-24-022282,do-20231231.htm,https://www.sec.gov/Archives/edgar/data/0000949039/000095017024022282/do-20231231.htm
DFS,0001393612,0001393612-24-000010,dfs-20231231.htm,https://www.sec.gov/Archives/edgar/data/0001393612/000139361224000010/dfs-20231231.htm
DLTR,0000935703,0000935703-24-000011,dltr-20240203.htm,https://www.sec.gov/Archives/edgar/data/0000935703/000093570324000011/dltr-20240203.htm
D,0000715957,0000950170-24-019110,d-20231231.htm,https://www.sec.gov/Archives/edgar/data/0000715957/000095017024019110/d-20231231.htm
DOV,0000029905,0000029905-24-000008,dov-20231231.htm,https://www.sec.gov/Archives/edgar/data/0000029905/000002990524000008/dov-20231231.htm
DOW,0001751788,0001751788-24-000010,dow-20231231.htm,https://www.sec.gov/Archives/edgar/data/0001751788/000175178824000010/dow-20231231.htm
DTE,0000936340,0000936340-24-000076,dte-20231231.htm,https://www.sec.gov/Archives/edgar/data/0000936340/000093634024000076/dte-20231231.htm
DD,0001666700,0001666700-24-000008,dd-20231231.htm,https://www.sec.gov/Archives/edgar/data/0001666700/000166670024000008/dd-20231231.htm
DUK,0001326160,0001326160-24-000037,duk-20231231.htm,https://www.sec.gov/Archives/edgar/data/0001326160/000132616024000037/duk-20231231.htm
DNB,0001799208,0001799208-24-000015,dnb-20231231.htm,https://www.sec.gov/Archives/edgar/data/0001799208/000179920824000015/dnb-20231231.htm
EMN,0000915389,0000915389-24-000016,emn-20231231.htm,https://www.sec.gov/Archives/edgar/data/0000915389/000091538924000016/emn-20231231.htm
ETN,0001551182,0001551182-24-000006,etn-20231231.htm,https://www.sec.gov/Archives/edgar/data/0001551182/000155118224000006/etn-20231231.htm
EBAY,0001065088,0001065088-24-000036,ebay-20231231.htm,https://www.sec.gov/Archives/edgar/data/0001065088/000106508824000036/ebay-20231231.htm
ECL,0000031462,0001558370-24-001581,ecl-20231231x10k.htm,https://www.sec.gov/Archives/edgar/data/0000031462/000155837024001581/ecl-20231231x10k.htm
EIX,0000827052,0000827052-24-000013,eix-20231231x10k.htm,https://www.sec.gov/Archives/edgar/data/0000827052/000082705224000013/eix-20231231x10k.htm
EW,0001099800,0001099800-24-000004,ew-20231231.htm,https://www.sec.gov/Archives/edgar/data/0001099800/000109980024000004/ew-20231231.htm
EA,0000712515,0000712515-23-000028,ea-20230331.htm,https://www.sec.gov/Archives/edgar/data/0000712515/000071251523000028/ea-20230331.htm
EMR,0000032604,0000032604-23-000044,emr-20230930.htm,https://www.sec.gov/Archives/edgar/data/0000032604/000003260423000044/emr-20230930.htm
ETR,0000065984,0000065984-24-000012,etr-20231231.htm,https://www.sec.gov/Archives/edgar/data/0000065984/000006598424000012/etr-20231231.htm
EOG,0000821189,0000821189-24-000011,eog-20231231.htm,https://www.sec.gov/Archives/edgar/data/0000821189/000082118924000011/eog-20231231.htm
EQT,0000033213,0000033213-24-000008,eqt-20231231.htm,https://www.sec.gov/Archives/edgar/data/0000033213/000003321324000008/eqt-20231231.htm
EFX,0000033185,0000033185-24-000017,efx-20231231.htm,https://www.sec.gov/Archives/edgar/data/0000033185/000003318524000017/efx-20231231.htm
EQR,0000906107,0000950170-24-015907,eqr-20231231.htm,https://www.sec.gov/Archives/edgar/data/0000906107/000095017024015907/eqr-20231231.htm
EL,0001001250,0001001250-23-000112,el-20230630.htm,https://www.sec.gov/Archives/edgar/data/0001001250/000100125023000112/el-20230630.htm
EXC,0001109357,0001109357-24-000053,exc-20231231.htm,https://www.sec.gov/Archives/edgar/data/0001109357/000110935724000053/exc-20231231.htm
EXPE,0001324424,0001324424-24-000007,expe-20231231.htm,https://www.sec.gov/Archives/edgar/data/0001324424/000132442424000007/expe-20231231.htm
EXPD,0000746515,0000950170-24-019394,expd-20231231.htm,https://www.sec.gov/Archives/edgar/data/0000746515/000095017024019394/expd-20231231.htm
XOM,0000034088,0000034088-24-000018,xom-20231231.htm,https://www.sec.gov/Archives/edgar/data/0000034088/000003408824000018/xom-20231231.htm
FFIV,0001048695,0001048695-23-000039,ffiv-20230930.htm,https://www.sec.gov/Archives/edgar/data/0001048695/000104869523000039/ffiv-20230930.htm
FAST,0000815556,0000815556-24-000009,fast-20231231.htm,https://www.sec.gov/Archives/edgar/data/0000815556/000081555624000009/fast-20231231.htm
FDX,0001048911,0000950170-23-033201,fdx-20230531.htm,https://www.sec.gov/Archives/edgar/data/0001048911/000095017023033201/fdx-20230531.htm
FIS,0001136893,0001136893-24-000015,fis-20231231.htm,https://www.sec.gov/Archives/edgar/data/0001136893/000113689324000015/fis-20231231.htm
FITB,0000035527,0000035527-24-000088,fitb-20231231.htm,https://www.sec.gov/Archives/edgar/data/0000035527/000003552724000088/fitb-20231231.htm
FHN,0000036966,0000036966-24-000015,fhn-20231231.htm,https://www.sec.gov/Archives/edgar/data/0000036966/000003696624000015/fhn-20231231.htm
FSLR,0001274494,0001274494-24-000004,fslr-20231231.htm,https://www.sec.gov/Archives/edgar/data/0001274494/000127449424000004/fslr-20231231.htm
FE,0001031296,0001031296-24-000008,fe-20231231.htm,https://www.sec.gov/Archives/edgar/data/0001031296/000103129624000008/fe-20231231.htm
FLS,0000030625,0000030625-24-000025,fls-20231231.htm,https://www.sec.gov/Archives/edgar/data/0000030625/000003062524000025/fls-20231231.htm
FLR,0001124198,0001628280-24-005451,flr-20231231.htm,https://www.sec.gov/Archives/edgar/data/0001124198/000162828024005451/flr-20231231.htm
FMC,0000037785,0000037785-24-000033,fmc-20231231.htm,https://www.sec.gov/Archives/edgar/data/0000037785/000003778524000033/fmc-20231231.htm
FTI,0001681459,0001681459-24-000070,fti-20231231.htm,https://www.sec.gov/Archives/edgar/data/0001681459/000168145924000070/fti-20231231.htm
F,0000037996,0000037996-24-000009,f-20231231.htm,https://www.sec.gov/Archives/edgar/data/0000037996/000003799624000009/f-20231231.htm
FOSL,0000883569,0000883569-24-000007,fosl-20231230.htm,https://www.sec.gov/Archives/edgar/data/0000883569/000088356924000007/fosl-20231230.htm
BEN,0000038777,0000038777-23-000169,ben-20230930.htm,https://www.sec.gov/Archives/edgar/data/0000038777/000003877723000169/ben-20230930.htm
FCX,0000831259,0000831259-24-000011,fcx-20231231.htm,https://www.sec.gov/Archives/edgar/data/0000831259/000083125924000011/fcx-20231231.htm
GME,0001326380,0001326380-24-000012,gme-20240203.htm,https://www.sec.gov/Archives/edgar/data/0001326380/000132638024000012/gme-20240203.htm
GCI,0001579684,0001579684-24-000008,gci-20231231.htm,https://www.sec.gov/Archives/edgar/data/0001579684/000157968424000008/gci-20231231.htm
GPS,0000039911,0000039911-24-000066,gps-20240203.htm,https://www.sec.gov/Archives/edgar/data/0000039911/000003991124000066/gps-20240203.htm
GD,0000040533,0000040533-24-000007,gd-20231231.htm,https://www.sec.gov/Archives/edgar/data/0000040533/000004053324000007/gd-20231231.htm
GE,0000040545,0000040545-24-000027,ge-20231231.htm,https://www.sec.gov/Archives/edgar/data/0000040545/000004054524000027/ge-20231231.htm
GIS,0000040704,0001193125-23-177500,d523469d10k.htm,https://www.sec.gov/Archives/edgar/data/0000040704/000119312523177500/d523469d10k.htm
GPC,0000040987,0000040987-24-000024,gpc-20231231.htm,https://www.sec.gov/Archives/edgar/data/0000040987/000004098724000024/gpc-20231231.htm
GNW,0001276520,0001193125-24-051772,d699556d10k.htm,https://www.sec.gov/Archives/edgar/data/0001276520/000119312524051772/d699556d10k.htm
GILD,0000882095,0000882095-24-000007,gild-20231231.htm,https://www.sec.gov/Archives/edgar/data/0000882095/000088209524000007/gild-20231231.htm
GS,0000886982,0000886982-24-000006,gs-20231231.htm,https://www.sec.gov/Archives/edgar/data/0000886982/000088698224000006/gs-20231231.htm
GT,0000042582,0000950170-24-014240,gt-20231231.htm,https://www.sec.gov/Archives/edgar/data/0000042582/000095017024014240/gt-20231231.htm
GOOG,0001652044,0001652044-24-000022,goog-20231231.htm,https://www.sec.gov/Archives/edgar/data/0001652044/000165204424000022/goog-20231231.htm
GWW,0000277135,0000277135-24-000011,gww-20231231.htm,https://www.sec.gov/Archives/edgar/data/0000277135/000027713524000011/gww-20231231.htm
HAL,0000045012,0000045012-24-000007,hal-20231231.htm,https://www.sec.gov/Archives/edgar/data/0000045012/000004501224000007/hal-20231231.htm
HOG,0000793952,0000793952-24-000076,hog-20231231.htm,https://www.sec.gov/Archives/edgar/data/0000793952/000079395224000076/hog-20231231.htm
HIG,0000874766,0000874766-24-000016,hig-20231231.htm,https://www.sec.gov/Archives/edgar/data/0000874766/000087476624000016/hig-20231231.htm
HAS,0000046080,0000046080-24-000034,has-20231231.htm,https://www.sec.gov/Archives/edgar/data/0000046080/000004608024000034/has-20231231.htm
HCP,0001720671,0001628280-24-012350,hcp-20240131.htm,https://www.sec.gov/Archives/edgar/data/0001720671/000162828024012350/hcp-20240131.htm
HP,0000046765,0000046765-23-000069,hp-20230930.htm,https://www.sec.gov/Archives/edgar/data/0000046765/000004676523000069/hp-20230930.htm
HES,0000004447,0001628280-24-006845,hes-20231231.htm,https://www.sec.gov/Archives/edgar/data/0000004447/000162828024006845/hes-20231231.htm
HPQ,0000047217,0000047217-23-000100,hpq-20231031.htm,https://www.sec.gov/Archives/edgar/data/0000047217/000004721723000100/hpq-20231031.htm
HD,0000354950,0000354950-24-000062,hd-20240128.htm,https://www.sec.gov/Archives/edgar/data/0000354950/000035495024000062/hd-20240128.htm
HON,0000773840,0000773840-24-000014,hon-20231231.htm,https://www.sec.gov/Archives/edgar/data/0000773840/000077384024000014/hon-20231231.htm
HRL,0000048465,0000048465-23-000083,hrl-20231029.htm,https://www.sec.gov/Archives/edgar/data/0000048465/000004846523000083/hrl-20231029.htm
HST,0001070750,0001070750-24-000081,hst-20231231.htm,https://www.sec.gov/Archives/edgar/data/0001070750/000107075024000081/hst-20231231.htm
HUM,0000049071,0000049071-24-000012,hum-20231231.htm,https://www.sec.gov/Archives/edgar/data/0000049071/000004907124000012/hum-20231231.htm
HBAN,0000049196,0000049196-24-000020,hban-20231231.htm,https://www.sec.gov/Archives/edgar/data/0000049196/000004919624000020/hban-20231231.htm
ITW,0000049826,0000049826-24-000008,itw-20231231.htm,https://www.sec.gov/Archives/edgar/data/0000049826/000004982624000008/itw-20231231.htm
IR,0001699150,0001628280-24-006642,iri-20231231.htm,https://www.sec.gov/Archives/edgar/data/0001699150/000162828024006642/iri-20231231.htm
INTC,0000050863,0000050863-24-000010,intc-20231230.htm,https://www.sec.gov/Archives/edgar/data/0000050863/000005086324000010/intc-20231230.htm
ICE,0001571949,0001571949-24-000007,ice-20231231.htm,https://www.sec.gov/Archives/edgar/data/0001571949/000157194924000007/ice-20231231.htm
IBM,0000051143,0000051143-24-000012,ibm-20231231.htm,https://www.sec.gov/Archives/edgar/data/0000051143/000005114324000012/ibm-20231231.htm
IFF,0000051253,0000051253-24-000006,iff-20231231.htm,https://www.sec.gov/Archives/edgar/data/0000051253/000005125324000006/iff-20231231.htm
IP,0000051434,0000051434-24-000024,ip-20231231.htm,https://www.sec.gov/Archives/edgar/data/0000051434/000005143424000024/ip-20231231.htm
IPG,0000051644,0000051644-24-000013,ipg-20231231.htm,https://www.sec.gov/Archives/edgar/data/0000051644/000005164424000013/ipg-20231231.htm
INTU,0000896878,0000896878-23-000034,intu-20230731.htm,https://www.sec.gov/Archives/edgar/data/0000896878/000089687823000034/intu-20230731.htm
ISRG,0001035267,0001035267-24-000021,isrg-20231231.htm,https://www.sec.gov/Archives/edgar/data/0001035267/000103526724000021/isrg-20231231.htm
IVZ,0000914208,0000914208-24-000219,ivz-20231231.htm,https://www.sec.gov/Archives/edgar/data/0000914208/000091420824000219/ivz-20231231.htm
IRM,0001020569,0001020569-24-000040,irm-20231231.htm,https://www.sec.gov/Archives/edgar/data/0001020569/000102056924000040/irm-20231231.htm
JBL,0000898293,0001193125-23-259599,d533726d10k.htm,https://www.sec.gov/Archives/edgar/data/0000898293/000119312523259599/d533726d10k.htm
JNJ,0000200406,0000200406-24-000013,jnj-20231231.htm,https://www.sec.gov/Archives/edgar/data/0000200406/000020040624000013/jnj-20231231.htm
JCI,0000833444,0000833444-23-000048,jci-20230930.htm,https://www.sec.gov/Archives/edgar/data/0000833444/000083344423000048/jci-20230930.htm
JPM,0000019617,0000019617-24-000225,jpm-20231231.htm,https://www.sec.gov/Archives/edgar/data/0000019617/000001961724000225/jpm-20231231.htm
JNPR,0001043604,0001043604-24-000014,jnpr-20231231.htm,https://www.sec.gov/Archives/edgar/data/0001043604/000104360424000014/jnpr-20231231.htm
K,0000055067,0001628280-24-005583,k-20231230.htm,https://www.sec.gov/Archives/edgar/data/0000055067/000162828024005583/k-20231230.htm
KEY,0000091576,0000091576-24-000040,key-20231231.htm,https://www.sec.gov/Archives/edgar/data/0000091576/000009157624000040/key-20231231.htm
KMB,0000055785,0000055785-24-000018,kmb-20231231.htm,https://www.sec.gov/Archives/edgar/data/0000055785/000005578524000018/kmb-20231231.htm
KIM,0000879101,0001437749-24-005407,kim20231231_10k.htm,https://www.sec.gov/Archives/edgar/data/0000879101/000143774924005407/kim20231231_10k.htm
KMI,0001506307,0001506307-24-000011,kmi-20231231.htm,https://www.sec.gov/Archives/edgar/data/0001506307/000150630724000011/kmi-20231231.htm
KLAC,0000319201,0000319201-23-000031,klac-20230630.htm,https://www.sec.gov/Archives/edgar/data/0000319201/000031920123000031/klac-20230630.htm
KSS,0000885639,0000950170-24-034691,kss-20240203.htm,https://www.sec.gov/Archives/edgar/data/0000885639/000095017024034691/kss-20240203.htm
KR,0000056873,0001558370-24-004603,kr-20240203x10k.htm,https://www.sec.gov/Archives/edgar/data/0000056873/000155837024004603/kr-20240203x10k.htm
LH,0000920148,0000920148-24-000014,lh-20231231.htm,https://www.sec.gov/Archives/edgar/data/0000920148/000092014824000014/lh-20231231.htm
LRCX,0000707549,0000707549-23-000102,lrcx-20230625.htm,https://www.sec.gov/Archives/edgar/data/0000707549/000070754923000102/lrcx-20230625.htm
LEG,0000058492,0000058492-24-000174,leg-20231231.htm,https://www.sec.gov/Archives/edgar/data/0000058492/000005849224000174/leg-20231231.htm
LEN,0000920760,0001628280-24-002371,len-20231130.htm,https://www.sec.gov/Archives/edgar/data/0000920760/000162828024002371/len-20231130.htm
LIFE,0001339970,0000950170-24-031584,life-20231231.htm,https://www.sec.gov/Archives/edgar/data/0001339970/000095017024031584/life-20231231.htm
LLY,0000059478,0000059478-24-000065,lly-20231231.htm,https://www.sec.gov/Archives/edgar/data/0000059478/000005947824000065/lly-20231231.htm
LNC,0000059558,0000059558-24-000013,lnc-20231231.htm,https://www.sec.gov/Archives/edgar/data/0000059558/000005955824000013/lnc-20231231.htm
LMT,0000936468,0000936468-24-000010,lmt-20231231.htm,https://www.sec.gov/Archives/edgar/data/0000936468/000093646824000010/lmt-20231231.htm
L,0000060086,0000060086-24-000029,l-20231231.htm,https://www.sec.gov/Archives/edgar/data/0000060086/000006008624000029/l-20231231.htm
LOW,0000060667,0000060667-24-000033,low-20240202.htm,https://www.sec.gov/Archives/edgar/data/0000060667/000006066724000033/low-20240202.htm
MTB,0000036270,0000950170-24-017990,mtb-20231231.htm,https://www.sec.gov/Archives/edgar/data/0000036270/000095017024017990/mtb-20231231.htm
M,0000794367,0001628280-24-012734,m-20240203.htm,https://www.sec.gov/Archives/edgar/data/0000794367/000162828024012734/m-20240203.htm
MRO,0000101778,0000101778-24-000023,mro-20231231.htm,https://www.sec.gov/Archives/edgar/data/0000101778/000010177824000023/mro-20231231.htm
MPC,0001510295,0001510295-24-000015,mpc-20231231.htm,https://www.sec.gov/Archives/edgar/data/0001510295/000151029524000015/mpc-20231231.htm
MAR,0001048286,0001628280-24-004372,mar-20231231.htm,https://www.sec.gov/Archives/edgar/data/0001048286/000162828024004372/mar-20231231.htm
MMC,0000062709,0000062709-24-000016,mmc-20231231.htm,https://www.sec.gov/Archives/edgar/data/0000062709/000006270924000016/mmc-20231231.htm
MAS,0000062996,0000062996-24-000006,mas-20231231.htm,https://www.sec.gov/Archives/edgar/data/0000062996/000006299624000006/mas-20231231.htm
MA,0001141391,0001141391-24-000022,ma-20231231.htm,https://www.sec.gov/Archives/edgar/data/0001141391/000114139124000022/ma-20231231.htm
MAT,0000063276,0001628280-24-011371,mat-20231231.htm,https://www.sec.gov/Archives/edgar/data/0000063276/000162828024011371/mat-20231231.htm
MKC,0000063754,0000063754-24-000027,mkc-20231130.htm,https://www.sec.gov/Archives/edgar/data/0000063754/000006375424000027/mkc-20231130.htm
MCD,0000063908,0000063908-24-000072,mcd-20231231.htm,https://www.sec.gov/Archives/edgar/data/0000063908/000006390824000072/mcd-20231231.htm
MCK,0000927653,0000927653-23-000038,mck-20230331.htm,https://www.sec.gov/Archives/edgar/data/0000927653/000092765323000038/mck-20230331.htm
MDT,0001613103,0001613103-23-000040,mdt-20230428.htm,https://www.sec.gov/Archives/edgar/data/0001613103/000161310323000040/mdt-20230428.htm
MRK,0000310158,0001628280-24-006850,mrk-20231231.htm,https://www.sec.gov/Archives/edgar/data/0000310158/000162828024006850/mrk-20231231.htm
MET,0001099219,0001099219-24-000035,met-20231231.htm,https://www.sec.gov/Archives/edgar/data/0001099219/000109921924000035/met-20231231.htm
MCHP,0000827054,0000827054-23-000080,mchp-20230331.htm,https://www.sec.gov/Archives/edgar/data/0000827054/000082705423000080/mchp-20230331.htm
MU,0000723125,0000723125-23-000054,mu-20230831.htm,https://www.sec.gov/Archives/edgar/data/0000723125/000072312523000054/mu-20230831.htm
MSFT,0000789019,0000950170-23-035122,msft-20230630.htm,https://www.sec.gov/Archives/edgar/data/0000789019/000095017023035122/msft-20230630.htm
TAP,0000024545,0000024545-24-000005,tap-20231231.htm,https://www.sec.gov/Archives/edgar/data/0000024545/000002454524000005/tap-20231231.htm
MNST,0000865752,0001104659-24-029425,mnst-20231231x10k.htm,https://www.sec.gov/Archives/edgar/data/0000865752/000110465924029425/mnst-20231231x10k.htm
MCO,0001059556,0001059556-24-000017,mco-20231231.htm,https://www.sec.gov/Archives/edgar/data/0001059556/000105955624000017/mco-20231231.htm
MS,0000895421,0000895421-24-000300,ms-20231231.htm,https://www.sec.gov/Archives/edgar/data/0000895421/000089542124000300/ms-20231231.htm
MOS,0001285785,0001618034-24-000004,mos-20231231.htm,https://www.sec.gov/Archives/edgar/data/0001285785/000161803424000004/mos-20231231.htm
MSI,0000068505,0000068505-24-000008,msi-20231231.htm,https://www.sec.gov/Archives/edgar/data/0000068505/000006850524000008/msi-20231231.htm
MUR,0000717423,0000717423-24-000008,mur-20231231.htm,https://www.sec.gov/Archives/edgar/data/0000717423/000071742324000008/mur-20231231.htm
NBR,0001163739,0001558370-24-000973,nbr-20231231x10k.htm,https://www.sec.gov/Archives/edgar/data/0001163739/000155837024000973/nbr-20231231x10k.htm
NDAQ,0001120193,0001120193-24-000006,ndaq-20231231.htm,https://www.sec.gov/Archives/edgar/data/0001120193/000112019324000006/ndaq-20231231.htm
NOV,0001021860,0000950170-24-015145,nov-20231231.htm,https://www.sec.gov/Archives/edgar/data/0001021860/000095017024015145/nov-20231231.htm
NTAP,0001002047,0000950170-23-027948,ntap-20230428.htm,https://www.sec.gov/Archives/edgar/data/0001002047/000095017023027948/ntap-20230428.htm
NFLX,0001065280,0001065280-24-000030,nflx-20231231.htm,https://www.sec.gov/Archives/edgar/data/0001065280/000106528024000030/nflx-20231231.htm
NWL,0000814453,0000814453-24-000017,nwl-20231231.htm,https://www.sec.gov/Archives/edgar/data/0000814453/000081445324000017/nwl-20231231.htm
NEM,0001164727,0001164727-24-000016,nem-20231231.htm,https://www.sec.gov/Archives/edgar/data/0001164727/000116472724000016/nem-20231231.htm
NWSA,0001564708,0001564708-23-000368,nws-20230630.htm,https://www.sec.gov/Archives/edgar/data/0001564708/000156470823000368/nws-20230630.htm
NEE,0000753308,0000753308-24-000008,nee-20231231.htm,https://www.sec.gov/Archives/edgar/data/0000753308/000075330824000008/nee-20231231.htm
NKE,0000320187,0000320187-23-000039,nke-20230531.htm,https://www.sec.gov/Archives/edgar/data/0000320187/000032018723000039/nke-20230531.htm
NI,0001111711,0001111711-24-000011,nix-20231231.htm,https://www.sec.gov/Archives/edgar/data/0001111711/000111171124000011/nix-20231231.htm
NE,0001895262,0001628280-24-006622,ne-20231231.htm,https://www.sec.gov/Archives/edgar/data/0001895262/000162828024006622/ne-20231231.htm
JWN,0000072333,0000072333-24-000031,jwn-20240203.htm,https://www.sec.gov/Archives/edgar/data/0000072333/000007233324000031/jwn-20240203.htm
NSC,0000702165,0000702165-24-000005,nsc-20231231.htm,https://www.sec.gov/Archives/edgar/data/0000702165/000070216524000005/nsc-20231231.htm
NTRS,0000073124,0000073124-24-000073,ntrs-20231231.htm,https://www.sec.gov/Archives/edgar/data/0000073124/000007312424000073/ntrs-20231231.htm
NOC,0001133421,0001133421-24-000006,noc-20231231.htm,https://www.sec.gov/Archives/edgar/data/0001133421/000113342124000006/noc-20231231.htm
NRG,0001013871,0001013871-24-000005,nrg-20231231.htm,https://www.sec.gov/Archives/edgar/data/0001013871/000101387124000005/nrg-20231231.htm
NUE,0000073309,0000950170-24-021195,nue-20231231.htm,https://www.sec.gov/Archives/edgar/data/0000073309/000095017024021195/nue-20231231.htm
NVDA,0001045810,0001045810-24-000029,nvda-20240128.htm,https://www.sec.gov/Archives/edgar/data/0001045810/000104581024000029/nvda-20240128.htm
NYX,0001679379,0001213900-23-058599,f10k2022_nyiaxinc.htm,https://www.sec.gov/Archives/edgar/data/0001679379/000121390023058599/f10k2022_nyiaxinc.htm
ORLY,0000898173,0000898173-24-000009,orly-20231231x10k.htm,https://www.sec.gov/Archives/edgar/data/0000898173/000089817324000009/orly-20231231x10k.htm
OXY,0000797468,0000797468-24-000034,oxy-20231231.htm,https://www.sec.gov/Archives/edgar/data/0000797468/000079746824000034/oxy-20231231.htm
OMC,0000029989,0000029989-24-000007,omc-20231231.htm,https://www.sec.gov/Archives/edgar/data/0000029989/000002998924000007/omc-20231231.htm
OKE,0001039684,0001039684-24-000015,oke-20231231.htm,https://www.sec.gov/Archives/edgar/data/0001039684/000103968424000015/oke-20231231.htm
ORCL,0001341439,0000950170-23-028914,orcl-20230531.htm,https://www.sec.gov/Archives/edgar/data/0001341439/000095017023028914/orcl-20230531.htm
OI,0000812074,0001558370-24-001165,oi-20231231x10k.htm,https://www.sec.gov/Archives/edgar/data/0000812074/000155837024001165/oi-20231231x10k.htm
PCAR,0000075362,0000950170-24-017900,pcar-20231231.htm,https://www.sec.gov/Archives/edgar/data/0000075362/000095017024017900/pcar-20231231.htm
PLL,0001728205,0001728205-24-000034,pll-20231231.htm,https://www.sec.gov/Archives/edgar/data/0001728205/000172820524000034/pll-20231231.htm
PH,0000076334,0000076334-23-000042,ph-20230630.htm,https://www.sec.gov/Archives/edgar/data/0000076334/000007633423000042/ph-20230630.htm
PDCO,0000891024,0000891024-23-000006,pdco-20230429.htm,https://www.sec.gov/Archives/edgar/data/0000891024/000089102423000006/pdco-20230429.htm
PAYX,0000723531,0000950170-23-032988,payx-20230531.htm,https://www.sec.gov/Archives/edgar/data/0000723531/000095017023032988/payx-20230531.htm
BTU,0001064728,0001064728-24-000021,btu-20231231.htm,https://www.sec.gov/Archives/edgar/data/0001064728/000106472824000021/btu-20231231.htm
PEP,0000077476,0000077476-24-000008,pep-20231230.htm,https://www.sec.gov/Archives/edgar/data/0000077476/000007747624000008/pep-20231230.htm
PRGO,0001585364,0001585364-24-000009,prgo-20231231.htm,https://www.sec.gov/Archives/edgar/data/0001585364/000158536424000009/prgo-20231231.htm
PFE,0000078003,0000078003-24-000039,pfe-20231231.htm,https://www.sec.gov/Archives/edgar/data/0000078003/000007800324000039/pfe-20231231.htm
PCG,0001004980,0001004980-24-000014,pcg-20231231.htm,https://www.sec.gov/Archives/edgar/data/0001004980/000100498024000014/pcg-20231231.htm
PM,0001413329,0001413329-24-000013,pm-20231231.htm,https://www.sec.gov/Archives/edgar/data/0001413329/000141332924000013/pm-20231231.htm
PSX,0001534701,0001534701-24-000078,psx-20231231.htm,https://www.sec.gov/Archives/edgar/data/0001534701/000153470124000078/psx-20231231.htm
PNW,0000764622,0000764622-24-000016,pnw-20231231.htm,https://www.sec.gov/Archives/edgar/data/0000764622/000076462224000016/pnw-20231231.htm
PXD,0001038357,0001038357-24-000020,pxd-20231231.htm,https://www.sec.gov/Archives/edgar/data/0001038357/000103835724000020/pxd-20231231.htm
PBI,0000078814,0000078814-24-000004,pbi-20231231.htm,https://www.sec.gov/Archives/edgar/data/0000078814/000007881424000004/pbi-20231231.htm
PNC,0000713676,0000713676-24-000028,pnc-20231231.htm,https://www.sec.gov/Archives/edgar/data/0000713676/000071367624000028/pnc-20231231.htm
RL,0001037038,0001037038-23-000015,rl-20230401.htm,https://www.sec.gov/Archives/edgar/data/0001037038/000103703823000015/rl-20230401.htm
PPG,0000079879,0000079879-24-000040,ppg-20231231.htm,https://www.sec.gov/Archives/edgar/data/0000079879/000007987924000040/ppg-20231231.htm
PPL,0000922224,0000922224-24-000008,ppl-20231231.htm,https://www.sec.gov/Archives/edgar/data/0000922224/000092222424000008/ppl-20231231.htm
PX,0001841968,0000950170-24-030461,px-20231231.htm,https://www.sec.gov/Archives/edgar/data/0001841968/000095017024030461/px-20231231.htm
PFG,0001126328,0001104659-24-025516,pfg-20231231x10k.htm,https://www.sec.gov/Archives/edgar/data/0001126328/000110465924025516/pfg-20231231x10k.htm
PG,0000080424,0000080424-23-000073,pg-20230630.htm,https://www.sec.gov/Archives/edgar/data/0000080424/000008042423000073/pg-20230630.htm
PGR,0000080661,0000080661-24-000007,pgr-20231231.htm,https://www.sec.gov/Archives/edgar/data/0000080661/000008066124000007/pgr-20231231.htm
PLD,0001045609,0000950170-24-014539,pld-20231231.htm,https://www.sec.gov/Archives/edgar/data/0001045609/000095017024014539/pld-20231231.htm
PRU,0001137774,0001137774-24-000045,pru-20231231.htm,https://www.sec.gov/Archives/edgar/data/0001137774/000113777424000045/pru-20231231.htm
PEG,0000788784,0001628280-24-006885,pseg-20231231.htm,https://www.sec.gov/Archives/edgar/data/0000788784/000162828024006885/pseg-20231231.htm
PSA,0001393311,0001393311-24-000043,psa-20231231.htm,https://www.sec.gov/Archives/edgar/data/0001393311/000139331124000043/psa-20231231.htm
PHM,0000822416,0000822416-24-000010,phm-20231231.htm,https://www.sec.gov/Archives/edgar/data/0000822416/000082241624000010/phm-20231231.htm
PWR,0001050915,0001050915-24-000009,pwr-20231231.htm,https://www.sec.gov/Archives/edgar/data/0001050915/000105091524000009/pwr-20231231.htm
QCOM,0000804328,0000804328-23-000055,qcom-20230924.htm,https://www.sec.gov/Archives/edgar/data/0000804328/000080432823000055/qcom-20230924.htm
DGX,0001022079,0001022079-24-000041,dgx-20231231.htm,https://www.sec.gov/Archives/edgar/data/0001022079/000102207924000041/dgx-20231231.htm
RRC,0000315852,0000950170-24-018046,rrc-20231231.htm,https://www.sec.gov/Archives/edgar/data/0000315852/000095017024018046/rrc-20231231.htm
RF,0001281761,0001281761-24-000010,rf-20231231.htm,https://www.sec.gov/Archives/edgar/data/0001281761/000128176124000010/rf-20231231.htm
RSG,0001060391,0001060391-24-000142,rsg-20231231.htm,https://www.sec.gov/Archives/edgar/data/0001060391/000106039124000142/rsg-20231231.htm
RHI,0000315213,0000315213-24-000011,rhi-20231231.htm,https://www.sec.gov/Archives/edgar/data/0000315213/000031521324000011/rhi-20231231.htm
ROK,0001024478,0001024478-23-000126,rok-20230930.htm,https://www.sec.gov/Archives/edgar/data/0001024478/000102447823000126/rok-20230930.htm
ROP,0000882835,0000882835-24-000008,rop-20231231.htm,https://www.sec.gov/Archives/edgar/data/0000882835/000088283524000008/rop-20231231.htm
ROST,0000745732,0000745732-24-000009,rost-20240203.htm,https://www.sec.gov/Archives/edgar/data/0000745732/000074573224000009/rost-20240203.htm
R,0000085961,0000085961-24-000030,r-20231231.htm,https://www.sec.gov/Archives/edgar/data/0000085961/000008596124000030/r-20231231.htm
SAI,0001847075,0001410578-22-000171,tugc-20211231x10k.htm,https://www.sec.gov/Archives/edgar/data/0001847075/000141057822000171/tugc-20211231x10k.htm
CRM,0001108524,0001108524-24-000005,crm-20240131.htm,https://www.sec.gov/Archives/edgar/data/0001108524/000110852424000005/crm-20240131.htm
SLB,0000087347,0000950170-24-006884,slb-20231231.htm,https://www.sec.gov/Archives/edgar/data/0000087347/000095017024006884/slb-20231231.htm
STX,0001137789,0001137789-23-000049,stx-20230630.htm,https://www.sec.gov/Archives/edgar/data/0001137789/000113778923000049/stx-20230630.htm
SEE,0001012100,0001628280-24-007271,see-20231231.htm,https://www.sec.gov/Archives/edgar/data/0001012100/000162828024007271/see-20231231.htm
SRE,0001032208,0001032208-24-000007,sre-20231231.htm,https://www.sec.gov/Archives/edgar/data/0001032208/000103220824000007/sre-20231231.htm
SHW,0000089800,0000089800-24-000033,shw-20231231.htm,https://www.sec.gov/Archives/edgar/data/0000089800/000008980024000033/shw-20231231.htm
SPG,0001063761,0001558370-24-001532,spg-20231231x10k.htm,https://www.sec.gov/Archives/edgar/data/0001063761/000155837024001532/spg-20231231x10k.htm
SLM,0001032033,0001628280-24-006382,slm-20231231.htm,https://www.sec.gov/Archives/edgar/data/0001032033/000162828024006382/slm-20231231.htm
SJM,0000091419,0000091419-23-000072,sjm-20230430.htm,https://www.sec.gov/Archives/edgar/data/0000091419/000009141923000072/sjm-20230430.htm
SNA,0000091440,0000091440-24-000005,sna-20231230.htm,https://www.sec.gov/Archives/edgar/data/0000091440/000009144024000005/sna-20231230.htm
SO,0000092122,0000092122-24-000009,so-20231231.htm,https://www.sec.gov/Archives/edgar/data/0000092122/000009212224000009/so-20231231.htm
LUV,0000092380,0000092380-24-000027,luv-20231231.htm,https://www.sec.gov/Archives/edgar/data/0000092380/000009238024000027/luv-20231231.htm
SWN,0000007332,0000007332-24-000009,swn-20231231.htm,https://www.sec.gov/Archives/edgar/data/0000007332/000000733224000009/swn-20231231.htm
S,0001583708,0001583708-24-000016,s-20240131.htm,https://www.sec.gov/Archives/edgar/data/0001583708/000158370824000016/s-20240131.htm
SWK,0000093556,0000093556-24-000032,swk-20231230.htm,https://www.sec.gov/Archives/edgar/data/0000093556/000009355624000032/swk-20231230.htm
SBUX,0000829224,0000829224-23-000058,sbux-20231001.htm,https://www.sec.gov/Archives/edgar/data/0000829224/000082922423000058/sbux-20231001.htm
STT,0000093751,0000093751-24-000498,stt-20231231.htm,https://www.sec.gov/Archives/edgar/data/0000093751/000009375124000498/stt-20231231.htm
SRCL,0000861878,0001628280-24-007388,scl-20231231.htm,https://www.sec.gov/Archives/edgar/data/0000861878/000162828024007388/scl-20231231.htm
SYK,0000310764,0000310764-24-000024,syk-20231231.htm,https://www.sec.gov/Archives/edgar/data/0000310764/000031076424000024/syk-20231231.htm
SUN,0001552275,0001552275-24-000013,sun-20231231.htm,https://www.sec.gov/Archives/edgar/data/0001552275/000155227524000013/sun-20231231.htm
STI,0001881551,0001213900-24-032308,ea0202064-10k_solidiontech.htm,https://www.sec.gov/Archives/edgar/data/0001881551/000121390024032308/ea0202064-10k_solidiontech.htm
SYY,0000096021,0000096021-23-000117,syy-20230701.htm,https://www.sec.gov/Archives/edgar/data/0000096021/000009602123000117/syy-20230701.htm
TROW,0001113169,0001113169-24-000007,trow-20231231.htm,https://www.sec.gov/Archives/edgar/data/0001113169/000111316924000007/trow-20231231.htm
TGT,0000027419,0000027419-24-000032,tgt-20240203.htm,https://www.sec.gov/Archives/edgar/data/0000027419/000002741924000032/tgt-20240203.htm
TEL,0001385157,0001558370-23-018833,tel-20230929x10k.htm,https://www.sec.gov/Archives/edgar/data/0001385157/000155837023018833/tel-20230929x10k.htm
THC,0000070318,0000070318-24-000016,thc-20231231.htm,https://www.sec.gov/Archives/edgar/data/0000070318/000007031824000016/thc-20231231.htm
TDC,0000816761,0000816761-24-000023,tdc-20231231.htm,https://www.sec.gov/Archives/edgar/data/0000816761/000081676124000023/tdc-20231231.htm
TER,0000097210,0000950170-24-018701,ter-20231231.htm,https://www.sec.gov/Archives/edgar/data/0000097210/000095017024018701/ter-20231231.htm
TXN,0000097476,0000097476-24-000007,txn-20231231.htm,https://www.sec.gov/Archives/edgar/data/0000097476/000009747624000007/txn-20231231.htm
TXT,0000217346,0000217346-24-000017,txt-20231230.htm,https://www.sec.gov/Archives/edgar/data/0000217346/000021734624000017/txt-20231230.htm
HSY,0000047111,0000047111-24-000009,hsy-20231231.htm,https://www.sec.gov/Archives/edgar/data/0000047111/000004711124000009/hsy-20231231.htm
TRV,0000086312,0000086312-24-000012,trv-20231231.htm,https://www.sec.gov/Archives/edgar/data/0000086312/000008631224000012/trv-20231231.htm
TMO,0000097745,0000097745-24-000007,tmo-20231231.htm,https://www.sec.gov/Archives/edgar/data/0000097745/000009774524000007/tmo-20231231.htm
TJX,0000109198,0000109198-24-000014,tjx-20240203.htm,https://www.sec.gov/Archives/edgar/data/0000109198/000010919824000014/tjx-20240203.htm
TRIP,0001526520,0000950170-24-016553,trip-20231231.htm,https://www.sec.gov/Archives/edgar/data/0001526520/000095017024016553/trip-20231231.htm
TSN,0000100493,0000100493-23-000105,tsn-20230930.htm,https://www.sec.gov/Archives/edgar/data/0000100493/000010049323000105/tsn-20230930.htm
USB,0000036104,0000036104-24-000018,usb-20231231.htm,https://www.sec.gov/Archives/edgar/data/0000036104/000003610424000018/usb-20231231.htm
UNP,0000100885,0001437749-24-003599,unp20231231_10k.htm,https://www.sec.gov/Archives/edgar/data/0000100885/000143774924003599/unp20231231_10k.htm
UNH,0000731766,0000731766-24-000081,unh-20231231.htm,https://www.sec.gov/Archives/edgar/data/0000731766/000073176624000081/unh-20231231.htm
UPS,0001090727,0001090727-24-000008,ups-20231231.htm,https://www.sec.gov/Archives/edgar/data/0001090727/000109072724000008/ups-20231231.htm
X,0001163302,0001163302-24-000009,x-20231231.htm,https://www.sec.gov/Archives/edgar/data/0001163302/000116330224000009/x-20231231.htm
UNM,0000005513,0000005513-24-000015,unm-20231231.htm,https://www.sec.gov/Archives/edgar/data/0000005513/000000551324000015/unm-20231231.htm
URBN,0000912615,0000950170-24-039320,urbn-20240131.htm,https://www.sec.gov/Archives/edgar/data/0000912615/000095017024039320/urbn-20240131.htm
VFC,0000103379,0000103379-23-000006,vfc-20230401.htm,https://www.sec.gov/Archives/edgar/data/0000103379/000010337923000006/vfc-20230401.htm
VLO,0001035002,0001035002-24-000007,vlo-20231231.htm,https://www.sec.gov/Archives/edgar/data/0001035002/000103500224000007/vlo-20231231.htm
VTR,0000740260,0000740260-24-000067,vtr-20231231.htm,https://www.sec.gov/Archives/edgar/data/0000740260/000074026024000067/vtr-20231231.htm
VRSN,0001014473,0001014473-24-000006,vrsn-20231231.htm,https://www.sec.gov/Archives/edgar/data/0001014473/000101447324000006/vrsn-20231231.htm
VZ,0000732712,0000732712-24-000010,vz-20231231.htm,https://www.sec.gov/Archives/edgar/data/0000732712/000073271224000010/vz-20231231.htm
V,0001403161,0001403161-23-000099,v-20230930.htm,https://www.sec.gov/Archives/edgar/data/0001403161/000140316123000099/v-20230930.htm
VNO,0000899689,0000899689-24-000005,vno-20231231.htm,https://www.sec.gov/Archives/edgar/data/0000899689/000089968924000005/vno-20231231.htm
VMC,0001396009,0001396009-24-000006,vmc-20231231x10k.htm,https://www.sec.gov/Archives/edgar/data/0001396009/000139600924000006/vmc-20231231x10k.htm
WMT,0000104169,0000104169-24-000056,wmt-20240131.htm,https://www.sec.gov/Archives/edgar/data/0000104169/000010416924000056/wmt-20240131.htm
DIS,0001744489,0001744489-23-000216,dis-20230930.htm,https://www.sec.gov/Archives/edgar/data/0001744489/000174448923000216/dis-20230930.htm
WM,0000823768,0001558370-24-001049,wm-20231231x10k.htm,https://www.sec.gov/Archives/edgar/data/0000823768/000155837024001049/wm-20231231x10k.htm
WAT,0001000697,0001193125-24-047491,d691142d10k.htm,https://www.sec.gov/Archives/edgar/data/0001000697/000119312524047491/d691142d10k.htm
WFC,0000072971,0000072971-24-000064,wfc-20231231.htm,https://www.sec.gov/Archives/edgar/data/0000072971/000007297124000064/wfc-20231231.htm
WDC,0000106040,0000106040-23-000024,wdc-20230630.htm,https://www.sec.gov/Archives/edgar/data/0000106040/000010604023000024/wdc-20230630.htm
WU,0001365135,0000950170-24-018751,wu-20231231.htm,https://www.sec.gov/Archives/edgar/data/0001365135/000095017024018751/wu-20231231.htm
WY,0000106535,0000950170-24-016434,wy-20231231.htm,https://www.sec.gov/Archives/edgar/data/0000106535/000095017024016434/wy-20231231.htm
WHR,0000106640,0000106640-24-000020,whr-20231231.htm,https://www.sec.gov/Archives/edgar/data/0000106640/000010664024000020/whr-20231231.htm
WMB,0000107263,0000107263-24-000019,wmb-20231231.htm,https://www.sec.gov/Archives/edgar/data/0000107263/000010726324000019/wmb-20231231.htm
WEC,0000783325,0000107815-24-000095,wec-20231231.htm,https://www.sec.gov/Archives/edgar/data/0000783325/000010781524000095/wec-20231231.htm
WYNN,0001174922,0001174922-24-000046,wynn-20231231.htm,https://www.sec.gov/Archives/edgar/data/0001174922/000117492224000046/wynn-20231231.htm
XEL,0000072903,0000072903-24-000034,xel-20231231.htm,https://www.sec.gov/Archives/edgar/data/0000072903/000007290324000034/xel-20231231.htm
XRX,0001770450,0001770450-24-000012,xrx-20231231.htm,https://www.sec.gov/Archives/edgar/data/0001770450/000177045024000012/xrx-20231231.htm
XYL,0001524472,0001524472-24-000006,xyl-20231231.htm,https://www.sec.gov/Archives/edgar/data/0001524472/000152447224000006/xyl-20231231.htm
YUM,0001041061,0001041061-24-000011,yum-20231231.htm,https://www.sec.gov/Archives/edgar/data/0001041061/000104106124000011/yum-20231231.htm
ZION,0000109380,0000109380-24-000061,zions-20231231.htm,https://www.sec.gov/Archives/edgar/data/0000109380/000010938024000061/zions-20231231.htm
